City_ID,City,Country,Date,Lat,Lng,Max Temp,Humidity,Cloudiness,Wind Speed
0,Ushuaia,AR,2021-05-14 19:38:10,-54.8,-68.3,50.0,66,0,3.44
1,Homer,US,2021-05-14 19:38:10,59.6425,-151.5483,48.0,76,1,6.91
2,Cape Town,ZA,2021-05-14 19:38:10,-33.9258,18.4232,64.99,82,75,13.8
3,Punta Arenas,CL,2021-05-14 19:38:11,-53.15,-70.9167,46.4,87,0,8.05
4,Bakaly,RU,2021-05-14 19:38:11,55.1789,53.8028,65.48,54,41,8.23
5,Lingdong,CN,2021-05-14 19:38:11,46.5669,131.1453,58.59,88,100,14.29
6,Isiro,CD,2021-05-14 19:38:12,2.7739,27.616,67.96,99,100,1.1
7,Paso De Los Toros,UY,2021-05-14 19:38:12,-32.8167,-56.5167,68.0,45,0,5.75
8,Leh,IN,2021-05-14 19:38:12,34.1667,77.5833,39.49,56,60,5.55
9,Port Elizabeth,ZA,2021-05-14 19:38:13,-33.918,25.5701,60.8,82,0,4.61
10,Avarua,CK,2021-05-14 19:38:13,-21.2078,-159.775,78.8,83,100,2.3
11,Inuvik,CA,2021-05-14 19:38:13,68.3499,-133.7218,42.8,60,92,6.91
12,Butajira,ET,2021-05-14 19:38:14,8.1167,38.3667,62.92,70,26,0.92
13,Caldwell,US,2021-05-14 19:34:17,43.6629,-116.6874,73.0,37,90,6.91
14,Saint George,US,2021-05-14 19:38:15,37.1041,-113.5841,93.0,8,1,5.75
15,Conde,BR,2021-05-14 19:38:16,-7.2597,-34.9075,78.8,89,75,5.75
16,Cabo San Lucas,MX,2021-05-14 19:38:16,22.8909,-109.9124,97.0,23,1,6.91
17,Asfi,MA,2021-05-14 19:34:45,32.2994,-9.2372,67.24,65,3,28.1
18,Kashan,IR,2021-05-14 19:38:17,33.9831,51.4364,67.69,57,90,3.8
19,Jiaozuo,CN,2021-05-14 19:38:17,35.2397,113.2331,69.85,88,97,3.65
20,Lompoc,US,2021-05-14 19:38:18,34.6391,-120.4579,61.0,67,1,10.36
21,Clarence Town,AU,2021-05-14 19:38:18,-32.5833,151.7833,51.01,87,37,10.36
22,Upernavik,GL,2021-05-14 19:38:18,72.7868,-56.1549,34.36,81,99,4.5
23,Vaini,TO,2021-05-14 19:38:19,-21.2,-175.2,73.4,83,40,4.61
24,Rikitea,PF,2021-05-14 19:38:19,-23.1203,-134.9692,76.03,73,100,24.85
25,Northam,GB,2021-05-14 19:38:19,51.0333,-4.2167,48.99,94,100,5.26
26,Suntar,RU,2021-05-14 19:38:20,62.1444,117.6319,41.94,56,20,4.63
27,Bambous Virieux,MU,2021-05-14 19:38:20,-20.3428,57.7575,77.0,73,40,14.97
28,Prainha,BR,2021-05-14 19:38:20,-1.8,-53.48,80.13,82,100,3.09
29,Puerto Ayora,EC,2021-05-14 19:38:21,-0.7393,-90.3518,82.4,65,40,17.27
30,Mar Del Plata,AR,2021-05-14 19:35:04,-38.0023,-57.5575,68.0,42,0,10.36
31,Sens,FR,2021-05-14 19:38:21,48.1667,3.3333,50.0,88,47,7.78
32,Hobart,AU,2021-05-14 19:33:56,-42.8794,147.3294,39.99,87,90,6.91
33,Neryungri,RU,2021-05-14 19:38:22,56.6709,124.6491,35.87,93,98,10.36
34,Kavieng,PG,2021-05-14 19:38:22,-2.5744,150.7967,83.46,74,15,13.82
35,Albacete,ES,2021-05-14 19:38:22,38.8333,-2.0,68.0,32,0,8.05
36,Albany,US,2021-05-14 19:38:23,42.6001,-73.9662,73.0,19,35,10.65
37,Pingdingshan,CN,2021-05-14 19:38:23,33.7385,113.3012,69.84,95,100,5.86
38,Dondo,MZ,2021-05-14 19:38:23,-19.6094,34.7431,75.0,83,20,6.51
39,East London,ZA,2021-05-14 19:38:11,-33.0153,27.9116,75.2,38,0,6.91
40,Gotsu,JP,2021-05-14 19:38:24,35.0,132.2167,64.27,92,100,6.2
41,Narsaq,GL,2021-05-14 19:38:24,60.9167,-46.05,50.0,22,40,6.91
42,Port Hardy,CA,2021-05-14 19:38:24,50.6996,-127.4199,51.8,71,40,13.8
43,Ponta Do Sol,PT,2021-05-14 19:38:25,32.6667,-17.1,69.8,46,20,16.11
44,Pangody,RU,2021-05-14 19:38:25,65.85,74.4859,32.79,75,100,12.19
45,Palu,ID,2021-05-14 19:38:25,-0.8917,119.8707,76.42,95,97,2.73
46,Gamba,GA,2021-05-14 19:38:26,-2.65,10.0,78.62,88,2,5.48
47,Ati,TD,2021-05-14 19:38:26,13.2154,18.3353,94.64,18,16,7.4
48,Mataura,NZ,2021-05-14 19:38:27,-46.1927,168.8643,48.99,79,100,15.99
49,Bredasdorp,ZA,2021-05-14 19:38:27,-34.5322,20.0403,64.4,63,4,12.66
50,Lebu,CL,2021-05-14 19:38:27,-37.6167,-73.65,58.75,76,82,5.53
51,Nishihara,JP,2021-05-14 19:38:28,26.1842,127.7558,78.8,89,75,8.05
52,Sur,OM,2021-05-14 19:38:28,22.5667,59.5289,89.91,48,4,12.08
53,Butaritari,KI,2021-05-14 19:38:28,3.0707,172.7902,83.5,75,84,18.63
54,Soyo,AO,2021-05-14 19:38:28,-6.1349,12.3689,80.02,83,5,8.12
55,Dusti,TJ,2021-05-14 19:38:29,37.3481,68.664,69.8,52,20,6.71
56,New Norfolk,AU,2021-05-14 19:38:29,-42.7826,147.0587,37.0,85,86,2.8
57,Aizpute,LV,2021-05-14 19:38:29,56.7167,21.6,50.0,100,75,4.32
58,Hermanus,ZA,2021-05-14 19:38:30,-34.4187,19.2345,62.01,88,20,8.01
59,Greytown,ZA,2021-05-14 19:38:30,-29.0642,30.5928,55.26,37,0,2.8
60,Busselton,AU,2021-05-14 19:38:31,-33.65,115.3333,61.0,73,100,1.99
61,Nelson Bay,AU,2021-05-14 19:38:31,-32.7167,152.15,51.01,87,41,10.36
62,China,MX,2021-05-14 19:34:14,25.7,-99.2333,83.71,46,99,9.33
63,Jiuquan,CN,2021-05-14 19:38:31,39.7432,98.5174,56.71,35,100,1.86
64,Provideniya,RU,2021-05-14 19:38:32,64.3833,-173.3,43.93,60,68,14.16
65,North Bend,US,2021-05-14 19:38:32,43.4065,-124.2243,55.0,87,90,19.57
66,Fortuna,US,2021-05-14 19:38:32,40.5982,-124.1573,53.01,100,90,11.5
67,Henties Bay,NA,2021-05-14 19:38:33,-22.116,14.2845,69.06,53,0,7.2
68,Atuona,PF,2021-05-14 19:38:33,-9.8,-139.0333,79.93,73,49,19.39
69,Carnarvon,AU,2021-05-14 19:38:33,-24.8667,113.6333,64.4,88,1,6.91
70,Presidencia Roque Saenz Pena,AR,2021-05-14 19:38:34,-26.7852,-60.4388,72.0,68,0,3.0
71,Yellowknife,CA,2021-05-14 19:37:42,62.456,-114.3525,27.0,74,90,8.05
72,Kahului,US,2021-05-14 19:37:57,20.8947,-156.47,75.2,73,20,12.66
73,Yar-Sale,RU,2021-05-14 19:38:34,66.8333,70.8333,31.19,79,100,8.46
74,Mahebourg,MU,2021-05-14 19:38:35,-20.4081,57.7,77.0,73,40,14.97
75,Dikson,RU,2021-05-14 19:38:35,73.5069,80.5464,21.76,71,100,15.97
76,Ilulissat,GL,2021-05-14 19:38:35,69.2167,-51.1,39.2,52,75,4.61
77,Bluff,NZ,2021-05-14 19:38:36,-46.6,168.3333,48.99,79,99,15.99
78,Saint-Philippe,RE,2021-05-14 19:38:36,-21.3585,55.7679,75.2,68,0,8.05
79,San-Pedro,CI,2021-05-14 19:38:36,4.7485,-6.6363,81.84,79,17,8.66
80,Longyearbyen,SJ,2021-05-14 19:38:37,78.2186,15.6401,26.6,63,75,10.36
81,Juneau,US,2021-05-14 19:38:37,58.3019,-134.4197,44.6,81,90,16.11
82,Klaksvik,FO,2021-05-14 19:38:37,62.2266,-6.589,41.0,81,75,10.36
83,San Carlos De Bariloche,AR,2021-05-14 19:36:26,-41.1456,-71.3082,57.2,58,40,20.71
84,Qurayyat,SA,2021-05-14 19:38:38,31.3318,37.3428,78.8,29,0,23.02
85,Nikolskoye,RU,2021-05-14 19:38:38,59.7035,30.7861,62.6,55,0,6.71
86,Acopiara,BR,2021-05-14 19:38:39,-6.0953,-39.4525,74.73,92,98,3.67
87,Hambantota,LK,2021-05-14 19:38:39,6.1241,81.1185,82.4,78,40,18.41
88,Asau,RO,2021-05-14 19:38:39,46.4333,26.4,51.01,55,94,5.17
89,Port Alfred,ZA,2021-05-14 19:38:40,-33.5906,26.891,72.59,40,69,10.65
90,Castro,BR,2021-05-14 19:38:40,-24.7911,-50.0119,59.88,73,100,2.17
91,Puerto Escondido,MX,2021-05-14 19:38:40,15.85,-97.0667,87.8,66,75,9.22
92,Stavern,NO,2021-05-14 19:38:41,59.0,10.0333,60.8,72,0,11.5
93,Tuktoyaktuk,CA,2021-05-14 19:38:41,69.4541,-133.0374,30.2,80,75,17.27
94,Santana Do Livramento,BR,2021-05-14 19:38:41,-30.8908,-55.5328,62.46,55,0,4.09
95,High Level,CA,2021-05-14 19:38:42,58.5169,-117.136,55.4,62,75,9.22
96,Victoria,HK,2021-05-14 19:38:42,22.2855,114.1577,84.0,81,0,7.45
97,Tambura,SS,2021-05-14 19:38:42,5.6,27.4667,69.3,94,90,3.15
98,Valdosta,US,2021-05-14 19:38:43,30.8327,-83.2785,78.8,34,1,8.05
99,Kande,TG,2021-05-14 19:38:43,9.9578,1.0447,91.4,43,20,5.75
100,Norman Wells,CA,2021-05-14 19:38:43,65.282,-126.8329,42.8,61,90,18.41
101,Fort Nelson,CA,2021-05-14 19:38:44,58.8053,-122.7002,57.2,54,75,4.61
102,Crotone,IT,2021-05-14 19:38:44,39.0851,17.1178,57.0,87,68,4.0
103,Tiksi,RU,2021-05-14 19:38:44,71.6872,128.8694,32.83,95,100,6.62
104,Nerchinskiy Zavod,RU,2021-05-14 19:38:45,51.3088,119.61,39.36,86,98,10.04
105,Airai,TL,2021-05-14 19:38:45,-8.9266,125.4092,55.69,80,100,3.4
106,Faanui,PF,2021-05-14 19:38:45,-16.4833,-151.75,81.21,78,100,20.0
107,Coos Bay,US,2021-05-14 19:38:46,43.3665,-124.2179,55.0,87,90,19.57
108,Qaanaaq,GL,2021-05-14 19:38:46,77.484,-69.3632,33.93,79,94,9.53
109,Bandarbeyla,SO,2021-05-14 19:38:46,9.4942,50.8122,86.67,68,92,20.47
110,Saskylakh,RU,2021-05-14 19:38:47,71.9167,114.0833,29.25,97,100,12.5
111,Aktau,KZ,2021-05-14 19:38:47,43.65,51.2,62.6,23,0,8.95
112,Katsuura,JP,2021-05-14 19:38:48,35.1333,140.3,66.2,94,75,4.61
113,Adrar,MR,2021-05-14 19:38:48,20.5022,-10.0711,85.51,11,5,10.94
114,Kodiak,US,2021-05-14 19:38:48,57.79,-152.4072,42.8,93,90,11.5
115,Clyde River,CA,2021-05-14 19:38:49,70.4692,-68.5914,26.6,93,90,12.66
116,Inirida,CO,2021-05-14 19:38:49,3.8653,-67.9239,81.43,89,96,2.98
117,Jamestown,US,2021-05-14 19:34:54,42.097,-79.2353,64.0,29,40,10.36
118,Barrow,US,2021-05-14 19:38:50,71.2906,-156.7887,21.2,86,90,8.05
119,Hofn,IS,2021-05-14 19:38:50,64.2539,-15.2082,41.0,48,75,16.11
120,Thompson,CA,2021-05-14 19:38:50,55.7435,-97.8558,30.2,93,90,10.36
121,Bull Savanna,JM,2021-05-14 19:38:51,17.8868,-77.5902,81.45,70,31,8.77
122,Belyy Yar,RU,2021-05-14 19:38:51,53.6039,91.3903,44.6,87,0,2.75
123,Ribeira Grande,PT,2021-05-14 19:38:51,38.5167,-28.7,66.2,94,75,16.11
124,Umea,SE,2021-05-14 19:36:02,63.8284,20.2597,50.0,71,0,8.05
125,Phuthaditjhaba,ZA,2021-05-14 19:38:52,-28.5242,28.8158,51.76,31,0,5.75
126,Tuatapere,NZ,2021-05-14 19:38:52,-46.1333,167.6833,48.99,79,99,15.99
127,Kinablangan,PH,2021-05-14 19:38:52,7.6947,126.5503,78.1,84,94,5.01
128,Namatanai,PG,2021-05-14 19:38:53,-3.6667,152.4333,79.95,79,10,8.57
129,Nome,US,2021-05-14 19:38:53,64.5011,-165.4064,55.4,47,1,12.66
130,Khandyga,RU,2021-05-14 19:38:54,62.6667,135.6,39.51,62,76,3.09
131,Ranong,TH,2021-05-14 19:38:54,9.9658,98.6348,80.02,87,100,2.06
132,Grand Gaube,MU,2021-05-14 19:38:54,-20.0064,57.6608,73.99,82,39,3.0
133,Huarmey,PE,2021-05-14 19:38:55,-10.0681,-78.1522,71.24,71,3,10.36
134,Vardo,NO,2021-05-14 19:38:55,70.3705,31.1107,35.6,75,75,16.11
135,Praia,CV,2021-05-14 19:38:55,14.9215,-23.5087,78.8,53,0,23.02
136,Madimba,TZ,2021-05-14 19:38:56,-10.4,40.3333,74.23,90,46,9.75
137,Nanortalik,GL,2021-05-14 19:38:56,60.1432,-45.2371,40.62,69,100,7.38
138,Chuy,UY,2021-05-14 19:38:56,-33.6971,-53.4616,59.97,62,9,3.94
139,Jinchang,CN,2021-05-14 19:38:57,38.4953,102.1739,52.47,51,100,7.45
140,Mayo,US,2021-05-14 19:38:57,38.8876,-76.5119,72.0,30,1,10.36
141,Goure,NE,2021-05-14 19:38:57,13.9835,10.2704,95.0,28,8,1.01
142,Mount Gambier,AU,2021-05-14 19:38:58,-37.8333,140.7667,46.4,87,75,19.57
143,Walla Walla,US,2021-05-14 19:38:58,46.0646,-118.343,77.0,33,1,6.22
144,Tomatlan,MX,2021-05-14 19:38:58,19.9333,-105.25,87.19,53,86,4.99
145,Dingle,PH,2021-05-14 19:38:59,10.9995,122.6711,78.06,89,100,5.77
146,Lakatoro,VU,2021-05-14 19:38:59,-16.0999,167.4164,79.34,80,100,2.39
147,Ozernovskiy,RU,2021-05-14 19:38:59,51.5,156.5167,39.63,68,0,7.7
148,Novaya Igirma,RU,2021-05-14 19:39:00,57.1334,103.9112,40.1,62,100,6.6
149,Masallatah,LY,2021-05-14 19:39:00,32.6167,14.0,70.27,41,72,11.23
150,Aklavik,CA,2021-05-14 19:39:00,68.2191,-135.0107,41.0,65,75,11.5
151,Harindanga,IN,2021-05-14 19:39:01,22.0383,88.3214,82.4,89,20,12.75
152,Kilindoni,TZ,2021-05-14 19:39:01,-7.9139,39.6668,79.09,81,100,16.71
153,Lavrentiya,RU,2021-05-14 19:39:02,65.5833,-171.0,35.08,87,69,8.9
154,Chokurdakh,RU,2021-05-14 19:39:02,70.6333,147.9167,13.98,94,51,5.99
155,Georgetown,MY,2021-05-14 19:39:02,5.4112,100.3354,81.0,94,40,4.61
156,Jacareacanga,BR,2021-05-14 19:39:03,-6.2222,-57.7528,87.8,70,0,3.44
157,Ussel,FR,2021-05-14 19:39:03,45.55,2.3167,48.0,73,100,4.25
158,Markova,UA,2021-05-14 19:39:03,48.6758,24.4138,57.2,67,40,6.71
159,Leningradskiy,RU,2021-05-14 19:39:04,69.3833,178.4167,27.7,86,22,1.54
160,Hithadhoo,MV,2021-05-14 19:39:04,-0.6,73.0833,81.1,81,100,17.36
161,Lamu,KE,2021-05-14 19:39:04,-2.2717,40.902,79.25,82,45,16.75
162,Kirakira,SB,2021-05-14 19:39:05,-10.4544,161.9205,79.75,83,1,1.99
163,Vohibinany,MG,2021-05-14 19:39:05,-17.35,49.0333,69.8,98,96,2.51
164,Kununurra,AU,2021-05-14 19:39:05,-15.7667,128.7333,55.4,76,2,5.75
165,Bosaso,SO,2021-05-14 19:39:06,11.2842,49.1816,89.8,53,69,2.57
166,Outlook,CA,2021-05-14 19:39:06,51.5001,-107.0513,71.6,20,82,8.05
167,Redding,US,2021-05-14 19:39:06,40.5865,-122.3917,86.0,24,1,5.26
168,Lishu,CN,2021-05-14 19:39:07,43.3047,124.3278,63.86,70,100,11.27
169,Kanniyakumari,IN,2021-05-14 19:39:07,8.0833,77.5667,79.83,88,100,25.12
170,Kashi,CN,2021-05-14 19:39:07,39.4547,75.9797,51.8,82,75,13.42
171,Khatanga,RU,2021-05-14 19:39:08,71.9667,102.5,18.77,95,100,5.46
172,Ilhabela,BR,2021-05-14 19:39:08,-23.7781,-45.3581,69.84,74,99,5.82
173,Bathsheba,BB,2021-05-14 19:39:08,13.2167,-59.5167,84.2,61,40,18.41
174,Santa Cruz,BO,2021-05-14 19:36:05,-17.8,-63.1667,79.72,46,31,7.9
175,Onokhoy,RU,2021-05-14 19:39:09,51.932,108.0747,30.2,74,0,2.17
176,Thinadhoo,MV,2021-05-14 19:39:09,0.5333,72.9333,82.15,79,100,13.94
177,Rio Verde De Mato Grosso,BR,2021-05-14 19:39:09,-18.9181,-54.8442,81.3,43,100,9.13
178,Iqaluit,CA,2021-05-14 19:39:10,63.7506,-68.5145,33.8,55,40,5.75
179,Ust-Maya,RU,2021-05-14 19:39:10,60.4167,134.5333,43.39,86,96,2.53
180,Bauchi,NG,2021-05-14 19:39:11,10.5,10.0,78.4,66,79,15.28
181,Coronel,CL,2021-05-14 19:39:11,-37.0167,-73.1333,62.6,72,0,9.22
182,Balakhninskiy,RU,2021-05-14 19:39:11,58.0106,114.2769,30.56,92,17,2.04
183,Chegdomyn,RU,2021-05-14 19:39:12,51.1167,133.0167,52.83,66,100,13.73
184,Andenes,NO,2021-05-14 19:39:12,69.3143,16.1194,42.8,75,75,11.5
185,Arraial Do Cabo,BR,2021-05-14 19:39:12,-22.9661,-42.0278,75.2,68,0,3.44
186,Guider,CM,2021-05-14 19:39:13,9.9342,13.9486,92.28,32,66,2.39
187,Cherskiy,RU,2021-05-14 19:39:13,68.75,161.3,28.33,91,60,3.49
188,Touros,BR,2021-05-14 19:39:13,-5.1989,-35.4608,75.2,100,90,4.61
189,Bengkulu,ID,2021-05-14 19:39:14,-3.8004,102.2655,76.21,91,96,5.01
190,Najran,SA,2021-05-14 19:39:14,17.4924,44.1277,89.6,18,40,4.61
191,Ormara,PK,2021-05-14 19:39:14,25.2088,64.6357,81.79,84,47,8.55
192,Vydrino,RU,2021-05-14 19:39:15,51.485,104.8461,40.55,54,4,4.41
193,Mount Isa,AU,2021-05-14 19:39:15,-20.7333,139.5,59.0,26,0,10.36
194,Synya,RU,2021-05-14 19:39:15,65.3718,58.0387,49.87,73,100,7.7
195,Havre-Saint-Pierre,CA,2021-05-14 19:39:16,50.2334,-63.5986,46.4,57,90,19.57
196,Paso De Carrasco,UY,2021-05-14 19:39:16,-34.8603,-56.0522,64.4,59,0,3.44
197,Lake Havasu City,US,2021-05-14 19:39:16,34.4839,-114.3224,99.0,8,1,10.36
198,Bekhtery,UA,2021-05-14 19:39:17,46.251,32.2927,57.99,88,0,6.71
199,Makakilo City,US,2021-05-14 19:38:36,21.3469,-158.0858,80.6,57,20,9.22
200,Sidney,AU,2021-05-14 19:39:17,-33.8679,151.2073,50.0,79,29,3.0
201,Otradnoye,RU,2021-05-14 19:39:17,59.7775,30.8181,62.6,55,0,6.71
202,Moroni,KM,2021-05-14 19:39:18,-11.7022,43.2551,78.53,77,91,13.2
203,Aswan,EG,2021-05-14 19:39:18,24.0934,32.907,88.52,7,0,7.38
204,Kapaa,US,2021-05-14 19:39:18,22.0752,-159.319,78.8,65,1,17.27
205,Smithers,CA,2021-05-14 19:38:01,54.7804,-127.1743,59.0,41,40,4.61
206,Havelock,US,2021-05-14 19:39:19,34.8791,-76.9013,73.99,28,40,14.97
207,Maniitsoq,GL,2021-05-14 19:39:19,65.4167,-52.9,37.33,75,100,10.65
208,Dakar,SN,2021-05-14 19:37:04,14.6937,-17.4441,75.2,73,12,16.11
209,Sitka,US,2021-05-14 19:39:20,57.0531,-135.33,48.2,87,90,11.5
210,San Andres,CO,2021-05-14 19:39:20,12.5847,-81.7006,87.8,66,20,17.27
211,Cabedelo,BR,2021-05-14 19:35:18,-6.9811,-34.8339,78.8,89,75,5.75
212,Hilo,US,2021-05-14 19:38:04,19.7297,-155.09,80.6,69,90,4.61
213,Morros,BR,2021-05-14 19:39:21,-9.4467,-46.3003,83.7,49,56,2.95
214,Berlevag,NO,2021-05-14 19:39:21,70.8578,29.0864,35.6,64,75,11.5
215,Ishigaki,JP,2021-05-14 19:39:21,24.3448,124.1572,81.21,86,73,16.71
216,Talnakh,RU,2021-05-14 19:37:12,69.4865,88.3972,14.95,94,54,7.87
217,Durango,MX,2021-05-14 19:36:11,24.8333,-104.8333,80.15,22,84,5.97
218,Makubetsu,JP,2021-05-14 19:39:23,45.3714,141.8211,45.99,89,57,10.31
219,Fairbanks,US,2021-05-14 19:35:32,64.8378,-147.7164,60.01,41,1,2.08
220,Sao Filipe,CV,2021-05-14 19:39:24,14.8961,-24.4956,76.28,65,98,6.78
221,Casa Grande,US,2021-05-14 19:36:40,32.8795,-111.7573,99.0,7,1,6.91
222,Gat,IL,2021-05-14 19:39:24,31.61,34.7642,71.01,61,0,4.0
223,Pangnirtung,CA,2021-05-14 19:39:25,66.1451,-65.7125,33.8,93,90,9.22
224,Aksu,CN,2021-05-14 19:39:25,41.1231,80.2644,51.8,68,100,13.06
225,Dharmadam,IN,2021-05-14 19:39:26,11.7833,75.4333,76.23,96,100,14.43
226,Grindavik,IS,2021-05-14 19:39:26,63.8424,-22.4338,42.8,75,75,14.97
227,Isola Della Scala,IT,2021-05-14 19:39:26,45.2722,11.009,57.2,67,75,8.05
228,Acari,PE,2021-05-14 19:39:27,-15.4311,-74.6158,77.83,52,0,8.95
229,Indiana,US,2021-05-14 19:35:57,40.0003,-86.2503,72.0,27,1,4.61
230,Nefteyugansk,RU,2021-05-14 19:39:27,61.0998,72.6035,59.0,67,20,4.47
231,San Patricio,US,2021-05-14 19:39:27,28.017,-97.5169,84.2,61,90,13.8
232,Atbasar,KZ,2021-05-14 19:39:28,51.8,68.3333,60.93,51,1,6.89
233,Bethel,US,2021-05-14 19:39:27,41.3712,-73.414,75.2,22,90,5.75
234,Coihaique,CL,2021-05-14 19:39:28,-45.5752,-72.0662,41.0,97,90,5.75
235,The Valley,AI,2021-05-14 19:39:29,18.217,-63.0578,86.0,74,20,14.97
236,Bilma,NE,2021-05-14 19:39:29,18.6853,12.9164,94.01,7,46,6.6
237,Ankazoabo,MG,2021-05-14 19:39:29,-22.2833,44.5167,68.72,43,0,5.14
238,Tasiilaq,GL,2021-05-14 19:39:30,65.6145,-37.6368,32.0,80,1,6.91
239,Tilichiki,RU,2021-05-14 19:39:30,60.4667,166.1,26.87,81,14,4.85
240,Ostrovnoy,RU,2021-05-14 19:39:30,68.0531,39.5131,31.37,93,100,16.89
241,Gulmarg,IN,2021-05-14 19:39:31,34.049,74.3921,41.92,67,13,4.5
242,Nampula,MZ,2021-05-14 19:39:31,-15.1165,39.2666,69.8,88,0,8.05
243,Villers-Les-Nancy,FR,2021-05-14 19:39:31,48.671,6.1508,53.6,76,75,5.75
244,Torbay,CA,2021-05-14 19:35:29,47.6666,-52.7314,46.99,66,90,6.91
245,Outjo,NA,2021-05-14 19:39:32,-20.1167,16.15,62.44,35,2,6.96
246,Richards Bay,ZA,2021-05-14 19:39:32,-28.783,32.0377,66.97,76,0,9.42
247,Powell River,CA,2021-05-14 19:39:32,49.8496,-124.5361,59.0,72,20,5.75
248,Emba,KZ,2021-05-14 19:39:33,48.8264,58.1442,71.37,29,1,6.4
249,Moissala,TD,2021-05-14 19:39:33,8.3404,17.7663,83.28,51,30,3.67
250,Port Lincoln,AU,2021-05-14 19:39:33,-34.7333,135.8667,56.77,67,69,11.27
251,Praya,CV,2021-05-14 19:39:34,14.9215,-23.5087,78.8,53,0,23.02
252,Glasgow,GB,2021-05-14 19:36:33,55.8652,-4.2576,50.0,87,90,2.3
253,Samarkand,UZ,2021-05-14 19:37:16,39.6542,66.9597,66.2,34,0,6.91
254,Ambilobe,MG,2021-05-14 19:39:34,-13.2,49.05,72.07,83,58,3.31
255,La Ligua,CL,2021-05-14 19:39:35,-32.4524,-71.2311,60.8,72,8,10.36
256,Half Moon Bay,US,2021-05-14 19:39:35,37.4636,-122.4286,69.01,93,90,8.05
257,Bonthe,SL,2021-05-14 19:39:35,7.5264,-12.505,80.31,85,32,7.09
258,Alyangula,AU,2021-05-14 19:39:36,-13.8483,136.4192,60.8,94,2,12.08
259,Hay River,CA,2021-05-14 19:39:36,60.8156,-115.7999,33.8,100,100,5.75
260,Ibra,OM,2021-05-14 19:39:36,22.6906,58.5334,84.78,44,74,5.88
261,Las Guacamayas,MX,2021-05-14 19:39:37,18.0167,-102.2167,82.92,63,100,4.05
262,Port Blair,IN,2021-05-14 19:37:11,11.6667,92.75,83.73,73,23,3.29
263,Abonnema,NG,2021-05-14 19:39:37,4.7084,6.7931,77.0,88,40,5.26
264,Tautira,PF,2021-05-14 19:39:37,-17.7333,-149.15,75.2,88,75,11.5
265,Laguna,US,2021-05-14 19:39:38,38.421,-121.4238,73.4,52,1,10.36
266,Shache,CN,2021-05-14 19:39:38,38.4167,77.2406,55.8,57,73,7.81
267,Sangar,RU,2021-05-14 19:39:39,63.9242,127.4739,37.83,58,36,5.01
268,Souillac,MU,2021-05-14 19:39:39,-20.5167,57.5167,77.0,73,40,14.97
269,Anadyr,RU,2021-05-14 19:39:39,64.75,177.4833,35.6,87,0,4.47
270,Geraldton,AU,2021-05-14 19:39:40,-28.7667,114.6,71.6,43,40,19.57
271,Dali,CN,2021-05-14 19:39:40,25.7,100.1833,54.21,90,7,5.48
272,Kupang,ID,2021-05-14 19:39:40,-10.1667,123.5833,76.28,76,84,10.27
273,Mamlyutka,KZ,2021-05-14 19:39:41,54.9375,68.5394,64.29,46,6,8.66
274,Varena,LT,2021-05-14 19:39:41,54.2167,24.5667,51.8,93,0,2.3
275,Lesosibirsk,RU,2021-05-14 19:39:41,58.2358,92.4828,35.29,81,89,4.65
276,Udala,ES,2021-05-14 19:39:42,43.0778,-2.5125,55.0,86,100,3.49
277,Esil,KZ,2021-05-14 19:39:42,51.9556,66.4042,63.88,49,17,8.39
278,Christchurch,NZ,2021-05-14 19:39:42,-43.5333,172.6333,52.0,93,50,4.61
279,Karratha,AU,2021-05-14 19:39:43,-20.7377,116.8463,72.46,35,0,9.89
280,Los Andes,CL,2021-05-14 19:39:43,-32.8337,-70.5983,75.0,33,40,10.36
281,Pisco,PE,2021-05-14 19:39:43,-13.7,-76.2167,71.01,77,7,10.36
282,Zhigansk,RU,2021-05-14 19:39:44,66.7697,123.3711,38.52,67,95,13.27
283,Saint-Francois,FR,2021-05-14 19:39:44,46.4154,3.9054,53.6,66,0,3.44
284,Usinsk,RU,2021-05-14 19:39:44,65.9939,57.5281,48.56,72,99,14.67
285,Ukiah,US,2021-05-14 19:39:45,39.1502,-123.2078,80.6,29,1,4.61
286,Opuwo,NA,2021-05-14 19:39:45,-18.0607,13.84,64.65,35,4,2.66
287,Arvika,SE,2021-05-14 19:39:45,59.6553,12.5852,53.6,93,20,4.61
288,Cayenne,GF,2021-05-14 19:38:49,4.9333,-52.3333,84.2,74,75,3.44
289,Rayagada,IN,2021-05-14 19:39:46,19.1667,83.4167,80.13,77,98,3.65
290,Deputatskiy,RU,2021-05-14 19:39:46,69.3,139.9,19.99,94,100,2.98
291,George Town,MY,2021-05-14 19:39:02,5.4112,100.3354,81.0,94,40,4.61
292,Ontario,US,2021-05-14 19:37:44,34.0633,-117.6509,75.99,63,40,5.75
293,Muros,ES,2021-05-14 19:39:47,42.7762,-9.0603,62.01,76,100,15.03
294,Marzuq,YE,2021-05-14 19:39:47,14.4,46.4667,83.84,39,0,5.88
295,Mount Hagen,PG,2021-05-14 19:39:48,-5.8581,144.2274,58.69,96,94,2.15
296,Channel-Port Aux Basques,CA,2021-05-14 19:39:48,47.5702,-59.1367,42.67,72,36,15.19
297,San Roque,ES,2021-05-14 19:39:49,36.2107,-5.3842,71.6,56,5,20.71
298,Alofi,NU,2021-05-14 19:39:49,-19.0595,-169.9187,77.0,94,93,5.75
299,Saldanha,ZA,2021-05-14 19:39:49,-33.0117,17.9442,60.8,82,100,8.05
300,Te Anau,NZ,2021-05-14 19:39:50,-45.4167,167.7167,41.83,90,25,2.93
301,Kruisfontein,ZA,2021-05-14 19:39:50,-34.0033,24.7314,66.99,60,86,1.99
302,Springbok,ZA,2021-05-14 19:39:50,-29.6643,17.8865,57.06,42,0,5.17
303,Pareora,NZ,2021-05-14 19:39:51,-44.4871,171.2132,49.86,78,43,10.94
304,Haimen,CN,2021-05-14 19:39:51,23.1935,116.6142,78.8,89,20,2.24
305,Tommot,RU,2021-05-14 19:39:51,58.9564,126.2925,35.98,74,15,1.05
306,Catuday,PH,2021-05-14 19:39:52,16.2923,119.8062,81.48,70,93,12.33
307,Boulder,US,2021-05-14 19:34:53,40.0833,-105.3505,68.0,48,40,5.75
308,Sola,VU,2021-05-14 19:39:52,-13.8833,167.55,75.2,100,75,7.11
309,George,ZA,2021-05-14 19:39:52,-33.963,22.4617,57.2,82,0,3.44
310,Hobyo,SO,2021-05-14 19:39:53,5.3505,48.5268,81.82,79,1,24.7
311,Kaitangata,NZ,2021-05-14 19:39:53,-46.2817,169.8464,47.68,77,100,13.38
312,Fujieda,JP,2021-05-14 19:36:17,34.8667,138.2667,64.99,93,100,3.56
313,Hermiston,US,2021-05-14 19:39:54,45.8404,-119.2895,80.01,25,1,4.61
314,Russell,US,2021-05-14 19:39:54,32.3502,-85.1999,75.2,33,20,6.91
315,Taree,AU,2021-05-14 19:39:54,-31.9,152.4667,46.4,87,88,3.44
316,Guiratinga,BR,2021-05-14 19:39:55,-16.3494,-53.7583,85.06,40,97,1.99
317,Lerik,AZ,2021-05-14 19:39:55,38.7726,48.4128,64.4,100,90,6.91
318,Ancud,CL,2021-05-14 19:39:55,-41.8697,-73.8203,59.0,77,40,12.66
319,Alexandroupoli,GR,2021-05-14 19:39:56,40.8475,25.8744,62.6,72,0,4.61
320,Karabanovo,RU,2021-05-14 19:39:56,56.3167,38.7,55.47,96,100,8.57
321,Tura,IN,2021-05-14 19:39:56,25.5198,90.2201,69.71,92,2,5.61
322,Teguldet,RU,2021-05-14 19:39:57,57.3064,88.1667,40.23,68,75,6.67
323,Frontera,MX,2021-05-14 19:39:57,26.9333,-101.45,84.0,50,75,6.71
324,Shimabara,JP,2021-05-14 19:39:57,32.7833,130.3667,73.0,94,100,3.04
325,Bagotville,AU,2021-05-14 19:39:58,-28.9833,153.4167,51.8,93,38,5.95
326,Vila Velha,BR,2021-05-14 19:39:58,-20.3297,-40.2925,77.0,60,0,11.5
327,Sao Gabriel Da Cachoeira,BR,2021-05-14 19:39:58,-0.1303,-67.0892,87.8,70,20,10.36
328,Civitanova Marche,IT,2021-05-14 19:39:59,43.307,13.7206,57.99,86,100,3.0
329,Tecolutla,MX,2021-05-14 19:39:59,20.4833,-97.0167,80.6,69,75,11.5
330,Bira,RU,2021-05-14 19:39:59,49.0,132.4667,49.1,98,100,4.85
331,Sumedang,ID,2021-05-14 19:40:00,-6.8592,107.9207,73.0,90,98,1.01
332,Ludvika,SE,2021-05-14 19:40:00,60.1496,15.1878,48.99,87,20,4.61
333,San Quintin,MX,2021-05-14 19:40:00,30.4833,-115.95,65.48,62,0,14.23
334,Tongchuan,CN,2021-05-14 19:40:01,35.0806,109.0897,60.08,93,100,2.55
335,Quatre Cocos,MU,2021-05-14 19:40:01,-20.2078,57.7625,77.0,73,40,14.97
336,Monrovia,LR,2021-05-14 19:40:01,6.3005,-10.7969,80.6,89,75,6.29
337,Port Macquarie,AU,2021-05-14 19:40:02,-31.4333,152.9167,48.99,99,56,5.75
338,Taicheng,CN,2021-05-14 19:40:10,38.731,113.228,59.94,87,96,2.91
339,Bali,ID,2021-05-14 19:40:11,-8.5,115.0,80.6,89,20,11.5
340,Price,US,2021-05-14 19:40:11,39.5994,-110.8107,75.2,13,20,8.05
341,Massakory,TD,2021-05-14 19:40:12,12.996,15.7293,93.22,28,1,6.08
342,Alice Springs,AU,2021-05-14 19:40:12,-23.7,133.8833,46.4,81,0,5.75
343,Carolina,PR,2021-05-14 19:40:12,18.3808,-65.9574,87.8,62,40,18.41
344,Kaduna,NG,2021-05-14 19:40:13,10.5222,7.4383,73.6,72,100,7.65
345,Nouadhibou,MR,2021-05-14 19:40:13,20.931,-17.0347,69.8,73,100,24.16
346,Miraflores,MX,2021-05-14 19:40:13,19.2167,-98.8083,71.6,46,75,4.61
347,Tomaszow Lubelski,PL,2021-05-14 19:40:14,50.4477,23.4162,54.0,93,98,11.54
348,Maumere,ID,2021-05-14 19:40:14,-8.6199,122.2111,78.58,79,100,7.56
349,Panguna,PG,2021-05-14 19:40:14,-6.3164,155.4848,68.94,95,9,1.68
350,Port Augusta,AU,2021-05-14 19:40:15,-32.5,137.7667,53.6,82,90,5.75
351,Venado Tuerto,AR,2021-05-14 19:40:15,-33.7456,-61.9688,64.63,42,7,8.05
352,Cockburn Town,TC,2021-05-14 19:40:16,21.4612,-71.1419,79.88,76,10,13.02
353,Alexandria,EG,2021-05-14 19:38:55,31.2156,29.9553,71.6,64,0,5.75
354,Sarkand,KZ,2021-05-14 19:40:16,45.41,79.9186,45.52,67,84,5.3
355,Namibe,AO,2021-05-14 19:40:17,-15.1961,12.1522,77.09,68,0,6.06
356,Esperance,AU,2021-05-14 19:40:17,-33.8667,121.9,51.8,82,91,5.75
357,Santa Rosa,PH,2021-05-14 19:40:17,14.3122,121.1114,84.2,74,20,5.75
358,Badvel,IN,2021-05-14 19:40:17,14.75,79.05,84.51,74,100,10.13
359,Akyab,MM,2021-05-14 19:40:18,20.15,92.9,82.58,77,29,3.76
360,Ahipara,NZ,2021-05-14 19:40:18,-35.1667,173.1667,63.39,91,34,9.44
361,Okato,NZ,2021-05-14 19:40:18,-39.2,173.8833,59.0,94,58,8.01
362,Derbent,RU,2021-05-14 19:40:19,42.0678,48.2899,64.15,66,68,5.86
363,Pontianak,ID,2021-05-14 19:40:19,-0.0333,109.3333,78.8,100,75,1.14
364,Kandrian,PG,2021-05-14 19:40:19,-6.2167,149.55,77.31,90,13,4.76
365,Balkhash,KZ,2021-05-14 19:40:20,46.844,74.9804,57.87,56,6,10.36
366,Bambanglipuro,ID,2021-05-14 19:40:20,-7.95,110.2833,76.68,88,97,6.02
367,Cerkezkoy,TR,2021-05-14 19:36:21,41.285,28.0003,59.0,67,0,6.91
368,Pevek,RU,2021-05-14 19:40:21,69.7008,170.3133,20.88,90,36,3.87
369,Necochea,AR,2021-05-14 19:40:21,-38.5473,-58.7368,69.01,40,92,1.99
370,Warkworth,NZ,2021-05-14 19:40:22,-36.4,174.6667,63.0,98,65,7.0
371,Dandong,CN,2021-05-14 19:40:22,40.1292,124.3947,59.13,87,42,3.94
372,Wonthaggi,AU,2021-05-14 19:40:22,-38.6044,145.5913,48.0,86,100,27.54
373,Biak,ID,2021-05-14 19:40:23,-0.9131,122.8766,76.82,83,46,7.43
374,Kalmunai,LK,2021-05-14 19:40:23,7.4167,81.8167,81.72,80,100,4.7
375,Bang Saphan,TH,2021-05-14 19:40:23,11.2126,99.5117,79.59,84,87,2.75
376,Marawi,PH,2021-05-14 19:40:24,7.9986,124.2928,80.01,88,100,0.76
377,Sijunjung,ID,2021-05-14 19:40:24,-0.6876,100.9537,72.43,97,96,1.41
378,Altamont,US,2021-05-14 19:40:24,42.2068,-121.7372,73.0,28,1,3.13
379,Semey,KZ,2021-05-14 19:40:25,50.4111,80.2275,51.71,60,9,8.23
380,Kaohsiung,TW,2021-05-14 19:40:25,22.6163,120.3133,86.0,58,20,10.36
381,Vestmannaeyjar,IS,2021-05-14 19:40:25,63.4427,-20.2734,42.73,65,99,20.92
382,Staryy Nadym,RU,2021-05-14 19:40:26,65.6118,72.6842,33.66,73,100,15.23
383,Einsiedeln,CH,2021-05-14 19:40:26,47.1167,8.75,48.99,93,99,8.01
384,Meulaboh,ID,2021-05-14 19:40:26,4.1363,96.1285,76.33,90,96,3.31
385,Townsville,AU,2021-05-14 19:40:24,-19.25,146.8,69.8,94,5,6.91
386,Mitsamiouli,KM,2021-05-14 19:40:27,-11.3847,43.2844,80.73,69,49,8.28
387,Rio Gallegos,AR,2021-05-14 19:40:27,-51.6226,-69.2181,51.8,71,75,11.5
388,Severo-Kurilsk,RU,2021-05-14 19:40:27,50.6789,156.125,39.18,66,0,6.22
389,College,US,2021-05-14 19:40:28,64.8569,-147.8028,60.01,41,20,2.1
390,Kayerkan,RU,2021-05-14 19:40:28,69.3497,87.7602,12.72,99,88,5.12
391,Kimbe,PG,2021-05-14 19:40:28,-5.5502,150.1429,75.7,90,2,4.03
392,Kamiiso,JP,2021-05-14 19:40:29,41.8167,140.65,50.63,66,44,1.34
393,Kysyl-Syr,RU,2021-05-14 19:40:29,63.8986,122.7617,43.84,55,35,3.78
394,Pietarsaari,FI,2021-05-14 19:40:30,63.65,22.6833,42.8,93,96,2.3
395,Samfya,ZM,2021-05-14 19:40:30,-11.3649,29.5565,64.2,55,41,4.5
396,Kailua,US,2021-05-14 19:40:30,21.4022,-157.7394,80.6,73,40,12.66
397,Morden,CA,2021-05-14 19:40:31,49.1919,-98.1014,73.4,21,99,1.14
398,Luderitz,NA,2021-05-14 19:40:31,-26.6481,15.1594,66.31,53,0,1.88
399,Cidreira,BR,2021-05-14 19:40:32,-30.1811,-50.2056,61.3,64,100,4.61
400,Saint-Joseph,RE,2021-05-14 19:40:32,-21.3667,55.6167,71.6,68,0,8.05
401,San Antonio,US,2021-05-14 19:38:04,29.4241,-98.4936,84.0,53,40,6.91
402,Avera,US,2021-05-14 19:40:33,33.194,-82.5271,75.2,33,75,8.05
403,Ca Mau,VN,2021-05-14 19:36:16,9.1769,105.15,81.28,79,100,2.35
404,Salalah,OM,2021-05-14 19:40:33,17.0151,54.0924,84.2,84,40,2.3
405,Maltahohe,NA,2021-05-14 19:40:34,-24.8333,16.9833,62.71,28,0,11.92
406,Sioux Lookout,CA,2021-05-14 19:40:34,50.1001,-91.917,62.6,45,90,8.05
407,Camocim,BR,2021-05-14 19:36:06,-2.9022,-40.8411,75.92,88,100,14.65
408,Waipawa,NZ,2021-05-14 19:40:35,-41.4122,175.5153,60.8,88,75,19.57
409,Bilibino,RU,2021-05-14 19:40:35,68.0546,166.4372,23.41,90,100,1.74
410,Banda Aceh,ID,2021-05-14 19:37:12,5.5577,95.3222,80.47,80,95,3.78
411,Pinheiro,BR,2021-05-14 19:40:36,-2.5214,-45.0825,77.67,95,100,3.11
412,Belmonte,BR,2021-05-14 19:40:36,-15.8631,-38.8828,75.2,78,75,9.22
413,Tieli,CN,2021-05-14 19:40:36,46.95,128.05,54.0,94,100,9.8
414,Saint Anthony,US,2021-05-14 19:40:37,45.0205,-93.218,64.0,55,75,14.97
415,Moree,AU,2021-05-14 19:40:37,-29.4667,149.85,41.0,87,38,5.75
416,Warmbad,NA,2021-05-14 19:40:37,-28.45,18.7333,66.97,35,0,7.58
417,Codrington,AU,2021-05-14 19:40:38,-38.2667,141.9667,48.49,66,97,22.73
418,Zwedru,LR,2021-05-14 19:40:38,6.0667,-8.1281,75.18,96,95,3.87
419,Kenai,US,2021-05-14 19:40:38,60.5544,-151.2583,53.6,50,1,6.08
420,Yurginskoye,RU,2021-05-14 19:40:39,56.8189,67.3921,68.95,46,65,9.53
421,Nizwa,OM,2021-05-14 19:40:39,22.9333,57.5333,89.33,18,100,7.61
422,Merrill,US,2021-05-14 19:40:39,45.1805,-89.6835,68.0,26,75,12.66
423,Envira,BR,2021-05-14 19:40:40,-7.3,-70.2167,78.85,93,21,2.86
424,Sambava,MG,2021-05-14 19:40:40,-14.2667,50.1667,75.42,80,48,11.65
425,Beringovskiy,RU,2021-05-14 19:40:40,63.05,179.3167,32.0,96,100,14.09
426,Tingo Maria,PE,2021-05-14 19:40:41,-9.2895,-76.0088,86.0,58,20,8.05
427,Yumen,CN,2021-05-14 19:40:41,40.2833,97.2,55.11,21,100,4.47
428,Kutum,SD,2021-05-14 19:40:41,14.2,24.6667,82.44,15,6,7.81
429,Douglas,US,2021-05-14 19:40:42,41.3,-96.167,66.2,55,75,10.36
430,At-Bashi,KG,2021-05-14 19:40:42,41.1702,75.8106,42.19,55,78,4.85
431,Shahrud,IR,2021-05-14 19:40:42,36.4182,54.9763,63.3,49,95,7.02
432,Constitucion,CL,2021-05-14 19:35:56,-35.3333,-72.4167,61.97,66,100,11.7
433,Tateyama,JP,2021-05-14 19:40:43,34.9833,139.8667,64.0,92,100,5.73
434,Pilani,IN,2021-05-14 19:40:43,28.3684,75.6041,87.03,27,93,3.96
435,Saint-Augustin,CA,2021-05-14 19:40:44,51.226,-58.6502,48.27,57,99,10.29
436,Kapoeta,SS,2021-05-14 19:40:44,4.7717,33.5903,80.42,54,0,10.38
437,Puerto Madero,MX,2021-05-14 19:40:44,14.7208,-92.4215,89.6,70,40,8.05
438,Omsukchan,RU,2021-05-14 19:40:45,62.5333,155.8,23.41,89,86,3.69
439,Olinda,BR,2021-05-14 19:40:45,-8.0089,-34.8553,78.8,78,75,8.05
440,Adelaide,AU,2021-05-14 19:40:45,-34.9333,138.6,57.99,72,75,17.27
441,Lorengau,PG,2021-05-14 19:40:46,-2.0226,147.2712,81.32,81,46,8.63
442,Yulara,AU,2021-05-14 19:40:46,-25.2406,130.9889,50.0,76,0,6.91
443,Tambopata,PE,2021-05-14 19:40:46,-12.7333,-69.1833,78.8,73,75,3.44
444,Tshela,CD,2021-05-14 19:40:47,-4.9833,12.9333,75.13,94,87,1.03
445,New Richmond,US,2021-05-14 19:40:47,45.123,-92.5366,66.2,27,90,21.85
446,Dunedin,NZ,2021-05-14 19:40:47,-45.8742,170.5036,50.0,62,100,35.01
447,Port Hedland,AU,2021-05-14 19:38:18,-20.3167,118.5667,64.4,52,0,9.22
448,Itaueira,BR,2021-05-14 19:40:48,-7.6033,-43.0256,87.46,43,99,10.09
449,Lasa,IT,2021-05-14 19:40:48,46.6166,10.7002,57.2,76,40,8.05
450,La Macarena,CO,2021-05-14 19:40:48,2.1837,-73.7849,82.51,74,98,3.78
451,Hasaki,JP,2021-05-14 19:39:00,35.7333,140.8333,62.6,94,40,5.75
452,Mabaruma,GY,2021-05-14 19:40:49,8.2,-59.7833,82.4,70,67,7.74
453,Akdepe,TM,2021-05-14 19:40:49,42.0551,59.3788,71.6,33,0,11.5
454,Jalu,LY,2021-05-14 19:40:50,29.0331,21.5482,86.99,17,17,10.83
455,Guerrero Negro,MX,2021-05-14 19:40:50,27.9769,-114.0611,69.6,54,0,15.95
456,Roald,NO,2021-05-14 19:40:50,62.5833,6.1333,48.0,93,20,16.11
457,Maxixe,MZ,2021-05-14 19:38:12,-23.8597,35.3472,69.8,88,20,5.75
458,Heihe,CN,2021-05-14 19:40:51,50.2441,127.4902,42.8,93,20,4.47
459,Port-De-Bouc,FR,2021-05-14 19:40:51,43.4,4.9833,64.4,55,0,10.36
460,Qeshm,IR,2021-05-14 19:40:51,26.9581,56.2719,87.8,51,20,2.59
461,Guilin,CN,2021-05-14 19:40:52,25.2819,110.2864,80.6,78,75,15.66
462,Ostersund,SE,2021-05-14 19:40:52,63.1792,14.6357,51.8,82,75,3.44
463,Kharitonovo,RU,2021-05-14 19:40:52,61.4009,47.4978,58.62,67,31,3.87
464,Tual,ID,2021-05-14 19:40:53,-5.6667,132.75,82.94,78,43,20.58
465,Baiao,BR,2021-05-14 19:40:53,-2.7906,-49.6717,80.74,88,94,1.14
466,Mawlaik,MM,2021-05-14 19:40:53,23.6333,94.4167,76.39,65,48,2.68
467,Nedryhayliv,UA,2021-05-14 19:40:54,50.834,33.8763,55.65,90,13,7.76
468,Atar,MR,2021-05-14 19:40:54,20.5169,-13.0499,86.34,12,5,10.56
469,Juegang,CN,2021-05-14 19:37:16,32.3174,121.1855,70.92,97,98,9.71
470,Fauske,NO,2021-05-14 19:40:54,67.2588,15.3918,48.0,72,97,8.01
471,Tefe,BR,2021-05-14 19:40:55,-3.3542,-64.7114,77.0,100,75,5.75
472,Letterkenny,IE,2021-05-14 19:40:55,54.95,-7.7333,51.8,82,75,12.66
473,Marrakesh,MA,2021-05-14 19:38:31,31.6315,-8.0083,84.2,39,40,11.5
474,San Onofre,CO,2021-05-14 19:40:56,9.7359,-75.5263,85.24,74,97,11.25
475,Eyl,SO,2021-05-14 19:40:56,7.9803,49.8164,82.94,79,66,21.99
476,Orange,US,2021-05-14 19:39:21,33.7,-117.7675,75.0,49,20,10.36
477,Tahoua,NE,2021-05-14 19:40:56,14.8888,5.2692,91.4,24,80,9.19
478,Maiduguri,NG,2021-05-14 19:40:57,11.8464,13.1603,88.23,41,85,11.34
479,Kovdor,RU,2021-05-14 19:40:57,67.5662,30.4758,35.71,91,100,5.08
480,Cap Malheureux,MU,2021-05-14 19:40:57,-19.9842,57.6142,73.99,82,30,5.01
481,Shaunavon,CA,2021-05-14 19:40:58,49.6501,-108.4181,59.0,41,96,10.36
482,Flinders,AU,2021-05-14 19:40:58,-34.5833,150.8552,54.0,64,98,4.0
483,Baherden,TM,2021-05-14 19:40:58,38.4362,57.4316,76.3,15,0,1.36
484,Prince Rupert,CA,2021-05-14 19:37:02,54.3161,-130.3201,50.0,71,90,4.61
485,Namtsy,RU,2021-05-14 19:40:59,62.7161,129.6658,28.4,64,0,2.24
486,Phulabani,IN,2021-05-14 19:40:59,20.4667,84.2333,80.51,60,18,4.65
487,Pringsewu,ID,2021-05-14 19:41:00,-5.3582,104.9744,74.62,96,90,1.57
488,San Mateo Del Mar,MX,2021-05-14 19:41:00,16.2,-95.0,88.2,58,100,32.12
489,Tupiza,BO,2021-05-14 19:41:00,-21.45,-65.7167,66.56,10,0,5.44
490,Awjilah,LY,2021-05-14 19:41:00,29.1081,21.2869,86.14,19,38,10.63
491,Manati,PR,2021-05-14 19:41:01,18.4275,-66.4921,86.0,75,54,5.01
492,Vao,NC,2021-05-14 19:41:01,-22.6667,167.4833,76.19,77,1,16.69
493,Lolodorf,CM,2021-05-14 19:41:01,3.2333,10.7333,71.49,97,100,1.28
494,Aizkraukle,LV,2021-05-14 19:41:02,56.6048,25.2553,54.0,95,53,5.01
495,Emirdag,TR,2021-05-14 19:41:02,39.0197,31.15,60.6,45,1,5.59
496,Havoysund,NO,2021-05-14 19:41:02,70.9963,24.6622,35.6,60,75,9.22
497,Westport,US,2021-05-14 19:41:03,41.1415,-73.3579,75.0,23,1,12.66
498,Komsomolskiy,UZ,2021-05-14 19:41:03,40.4272,71.7189,66.2,48,0,4.61
499,Coahuayana,MX,2021-05-14 19:41:03,18.7333,-103.6833,78.8,69,75,8.05
500,Lewisville,US,2021-05-14 19:41:04,33.0462,-96.9942,79.0,46,40,8.05
501,Vaitape,PF,2021-05-14 19:41:04,-16.5167,-151.75,81.18,78,100,20.09
502,Lata,PT,2021-05-14 19:41:05,40.1629,-8.3327,62.01,77,40,5.75
503,Bereda,ES,2021-05-14 19:41:05,43.2686,-7.5406,57.99,89,100,11.99
504,Srednekolymsk,RU,2021-05-14 19:41:05,67.45,153.6833,27.95,87,100,1.5
505,Praia Da Vitoria,PT,2021-05-14 19:41:06,38.7333,-27.0667,73.4,68,20,12.33
506,Oranjemund,NA,2021-05-14 19:41:06,-28.55,16.4333,61.84,71,0,6.58
507,Marsa Matruh,EG,2021-05-14 19:37:07,31.3525,27.2453,69.8,78,0,6.91
508,Porto Walter,BR,2021-05-14 19:41:06,-8.2686,-72.7439,79.43,79,100,1.79
509,San Juan,AR,2021-05-14 19:41:07,-31.5375,-68.5364,42.01,28,0,15.01
510,Dongzhen,CN,2021-05-14 19:41:07,22.3797,110.9389,76.62,92,4,4.65
511,North Myrtle Beach,US,2021-05-14 19:37:00,33.816,-78.68,73.4,23,1,6.91
512,Olga,RU,2021-05-14 19:41:08,43.7444,135.2892,51.1,78,100,5.19
513,Merauke,ID,2021-05-14 19:41:08,-8.4667,140.3333,79.02,85,62,12.01
514,Mengcheng,CN,2021-05-14 19:41:08,33.2579,116.5655,68.95,98,100,6.11
515,Morant Bay,JM,2021-05-14 19:41:09,17.8815,-76.4093,86.0,70,75,16.11
516,Aykhal,RU,2021-05-14 19:41:09,66.0,111.5,36.36,97,100,13.0
517,Newton,US,2021-05-14 19:37:31,42.337,-71.2092,75.2,23,72,6.91
518,Rancho Palos Verdes,US,2021-05-14 19:36:24,33.7445,-118.387,69.01,77,60,7.0
519,Raga,SS,2021-05-14 19:41:09,8.4596,25.678,78.17,69,81,5.55
520,Viransehir,TR,2021-05-14 19:41:10,37.2353,39.7631,73.26,20,0,6.93
521,Sorata,BO,2021-05-14 19:41:10,-15.7667,-68.6333,51.57,77,39,7.99
522,Thaba Nchu,ZA,2021-05-14 19:41:11,-29.2093,26.839,53.6,43,0,3.44
523,San Alberto,CO,2021-05-14 19:41:11,7.7611,-73.3922,90.63,60,69,3.36
524,Chanute,US,2021-05-14 19:41:11,37.6792,-95.4572,73.4,46,1,17.27
525,Flin Flon,CA,2021-05-14 19:41:12,54.7682,-101.865,53.6,47,90,9.22
526,Kalmar,SE,2021-05-14 19:41:12,56.6616,16.3616,52.0,93,100,3.44
527,Xining,CN,2021-05-14 19:40:27,36.6167,101.7667,40.6,96,100,0.54
528,Vostok,RU,2021-05-14 19:41:12,46.4856,135.8833,48.07,70,100,4.99
529,Goderich,CA,2021-05-14 19:41:13,43.7501,-81.7165,55.4,58,14,6.91
530,Bajil,YE,2021-05-14 19:41:13,15.0584,43.2851,89.11,54,18,7.94
531,Glyadyanskoye,RU,2021-05-14 19:41:13,54.9075,65.0883,67.82,43,3,8.34
532,Marquette,US,2021-05-14 19:41:14,46.5333,-87.6335,64.99,33,75,4.61
533,Itajuba,BR,2021-05-14 19:41:14,-22.4256,-45.4528,71.6,64,75,3.44
534,Kathmandu,NP,2021-05-14 19:36:50,27.7167,85.3167,62.6,88,75,2.3
535,Zapolyarnyy,RU,2021-05-14 19:41:14,69.4154,30.8136,33.8,86,75,12.66
536,Nagato,JP,2021-05-14 19:41:15,34.3833,131.2,66.2,88,75,8.05
537,Fredericksburg,US,2021-05-14 19:41:15,38.3032,-77.4605,71.01,24,90,9.22
538,Rawson,AR,2021-05-14 19:41:15,-43.3002,-65.1023,62.2,40,5,2.64
539,Champerico,GT,2021-05-14 19:41:16,14.3,-91.9167,91.4,58,40,6.91
540,Vesoul,FR,2021-05-14 19:41:16,47.5833,5.8333,53.6,87,75,2.3
541,Comodoro Rivadavia,AR,2021-05-14 19:37:36,-45.8667,-67.5,55.4,82,40,4.61
542,Isangel,VU,2021-05-14 19:41:17,-19.55,169.2667,77.38,86,7,1.28
543,Tianpeng,CN,2021-05-14 19:41:17,30.9866,103.9393,71.6,94,20,2.24
544,Portland,US,2021-05-14 19:40:34,45.5234,-122.6762,77.0,46,20,8.05
545,Kulhudhuffushi,MV,2021-05-14 19:41:17,6.6221,73.07,83.61,77,100,34.38
546,Mizan Teferi,ET,2021-05-14 19:41:18,6.9833,35.5833,61.79,97,82,2.39
547,Khash,IR,2021-05-14 19:41:18,28.2211,61.2158,72.07,12,6,3.62
548,Turukhansk,RU,2021-05-14 19:41:19,65.8167,87.9833,28.33,96,100,8.41
549,Williston,US,2021-05-14 19:41:11,48.147,-103.618,68.0,32,100,3.0
550,Manokwari,ID,2021-05-14 19:41:19,-0.8667,134.0833,79.09,77,26,3.47
551,Hudson Bay,CA,2021-05-14 19:41:19,52.85,-102.3842,66.54,37,100,1.05
552,La Trinidad,PH,2021-05-14 19:41:20,16.455,120.5875,63.77,75,24,4.21
553,Zhezkazgan,KZ,2021-05-14 19:41:20,47.8043,67.7144,57.22,42,2,9.73
554,Bud,US,2021-05-14 19:41:20,39.447,-86.1758,68.0,24,40,4.27
555,Vargem Grande,BR,2021-05-14 19:41:21,-3.5431,-43.9158,78.89,92,68,2.48
556,San Rafael Del Sur,NI,2021-05-14 19:41:21,11.8485,-86.4384,93.2,43,40,13.8
557,Oblivskaya,RU,2021-05-14 19:41:21,48.5362,42.5014,65.48,83,13,12.33
558,Mugango,TZ,2021-05-14 19:41:22,-1.6833,33.7,66.92,90,8,4.85
559,Ulcinj,ME,2021-05-14 19:41:22,41.9294,19.2244,62.6,82,75,6.91
560,Guararapes,BR,2021-05-14 19:41:23,-21.2608,-50.6428,81.93,34,53,4.18
561,Pacific Grove,US,2021-05-14 19:41:23,36.6177,-121.9166,55.0,89,46,4.0
